RANK,Part Number,Component Code,Problem Description ,Volume,SQ,In Process,FPY,CAL,Warehouse,Dealer,SIR 1 MIS,n.,PPM,R=1:5 of freq,$,Min,Labor Cost,Total Cost,R=1:5 of cost,R=1:10 severity,1,3,5,30,35,40,48,Priority 
AA,w11385745 / w11385756 / w11385737,ACU,LONG DRAIN / Flujo,109784,125,0,0,0,,,30,155,1411.863295,5,10.97,15,0.9325,11.9025,5,4,125,0,0,0,0,0,1440,156500
AA,W11307231,Inner tray,Rotos,109784,10115,0,0,0,,,0,10115,92135.46601,5,0.31,2,0.124333333,0.434333333,1,3,10115,0,0,0,0,0,0,151725
AA,W11373428,BOLAS DE SUSPENSIÓN,Rotas,109784,0,2,3,0,,9,19,33,300.5902499,5,0.7,30,1.865,2.565,3,4,0,6,15,0,0,360,912,77580
AA,w11385745 / w11385756 / w11385737,ACU,Falla funcional,109784,15,0,152,0,,,0,167,1521.168841,5,10.97,15,0.9325,11.9025,5,4,15,0,760,0,0,0,0,77500
AA,W10815026,ACTUATOR - SHIFT,En corto / Falla funcional,109784,1,0,2,0,,,22,25,227.7198863,5,3,12,0.746,3.746,3,4,1,0,10,0,0,0,1056,64020
AA,W11260197,MANGUERA APS,Doblada,109784,702,0,0,0,,,1,703,6403.483203,5,4.42,5,0.310833333,4.730833333,4,4,702,0,0,0,0,0,48,60000
AA,w11101593 / w11101591 / W11161683 / W11161682,VÁLVULA,Abierta / flujo continuo,109784,1,0,2,1,,,16,20,182.1759091,5,1.77,15,0.9325,2.7025,3,4,1,0,10,30,0,0,768,48540
AA,"W11296162
W11296163",Mega,Falla funcional / no enciende,109784,4,69,66,0,,,0,139,1266.122568,5,4.17,10,0.621666667,4.791666667,4,4,4,207,330,0,0,0,0,43280
AA,W11084453 / W11226774,VARILLAS DE SUSPENSIÓN,Rotas / Dañadas / Vencidas,109784,1,0,0,0,,,13,14,127.5231363,5,0.7,30,1.865,2.565,3,4,1,0,0,0,0,0,624,37500
AA,"W10677719, W10899834, W10677721",MOTOR,Tornillo barrido / Falta de torque,109784,0,21,56,0,,,0,77,701.3772499,5,16.3,20,1.243333333,17.54333333,5,4,0,63,280,0,0,0,0,34300
AA,OK,Arnes cable de tierra,Tornillos barridos,109784,0,4,47,0,,,0,51,464.5485681,5,1.26,20,1.243333333,2.503333333,3,9,0,12,235,0,0,0,0,33345
AA,w11385745 / w11385756 / w11385737,ACU,Mal programado en línea,109784,0,14,56,0,,,0,70,637.6156817,5,10.97,15,0.9325,11.9025,5,4,0,42,280,0,0,0,0,32200
AA,"w11295686
w11295684",Tarjeta Robin,Falla funcional / no enciende,109784,22,105,38,0,,,0,165,1502.95125,5,2.78,10,0.621666667,3.401666667,3,4,22,315,190,0,0,0,0,31620
AA,"W11307594
W11361786
W11307595
W11361787",Cover hinge assy,Lid baja rápido / Falta de torque,109784,702,0,0,0,,,0,702,6394.374408,5,3.32,3,0.1865,3.5065,3,3,702,0,0,0,0,0,0,31590
AA,W11297195 / w11304407 / w11369163,LID,Ruido,109784,0,0,0,1,,,7,8,72.87036362,5,12.17,3,0.1865,12.3565,5,3,0,0,0,30,0,0,336,27450
AA,W11297195 / w11304407 / w11369163,Lid Plastico,Bisagra mal ensamble,109784,0,120,0,0,,,0,120,1093.055454,5,12.17,3,0.1865,12.3565,5,3,0,360,0,0,0,0,0,27000
A,W10531691 / W10715783,AGITADOR,Suelto / Mal ensamble / Sin ensamblar,109784,0,30,22,1,,,4,57,519.2013408,5,2.99,10,0.621666667,3.611666667,3,4,0,90,110,30,0,0,192,25320
A,W11287268 / W11282699,Top panel,Equivocado,109784,144,81,0,0,,,0,225,2049.478977,5,7.7,30,1.865,9.565,4,3,144,243,0,0,0,0,0,23220
A,W11368879 /  W11281154 ,Fascia,Serigrafía incompleta,109784,40,155,7,0,,,0,202,1839.976681,5,8.79,15,0.9325,9.7225,4,2,40,465,35,0,0,0,0,21600
A,w11101593 / w11101591 / W11161683 / W11161682,ARNES DE VÁLVULA,Desconectado,109784,0,2,2,0,,,10,14,127.5231363,5,1.26,20,1.243333333,2.503333333,3,4,0,6,10,0,0,0,480,29760
A,W10715767,TRANSMISIÓN,Ruidosa,109784,0,0,0,1,,,5,6,54.65277272,5,16.25,30,1.865,18.115,5,3,0,0,0,30,0,0,240,20250
A,W10815026,ACTUATOR - SHIFT,Dañado / agrietado / golpeado / quebrado,109784,2,20,6,0,,,5,33,300.5902499,5,3,12,0.746,3.746,3,4,2,60,30,0,0,0,240,19920
A,w11385745 / w11385756 / w11385737,ACU,Conector mal ensamblado / sin ensamblar,109784,0,2,38,0,,,0,40,364.3518181,5,10.97,15,0.9325,11.9025,5,4,0,6,190,0,0,0,0,19600
A,W11307231,Inner tray,Fuera de especificación / Deformes / Falta pestaña / Mal cortada / Mal troquedala / Incompleta,109784,1273,0,0,0,,,0,1273,11595.49661,5,0.31,2,0.124333333,0.434333333,1,3,1273,0,0,0,0,0,0,19095
A,W10006354,CAM SPLUTCH,Fuera de posición / Mal ensamble,109784,0,4,5,3,,,17,29,264.1550681,5,0.14,5,0.310833333,0.450833333,1,4,0,12,25,90,0,0,816,18860
A,"W11126948
W11126875
W11339251
W11339248",TINA,Fuga,109784,0,40,1,0,,,1,42,382.569409,5,12.72,60,3.73,16.45,5,4,0,120,5,0,0,0,48,17300
A,ok,ARNES DE CAPACITOR,Desconectado,109784,0,3,3,0,,,7,13,118.4143409,5,1.26,20,1.243333333,2.503333333,3,4,0,9,15,0,0,0,336,21600
A,w11101593 / w11101591 / W11161683 / W11161682,VÁLVULA,Desajustada / Abrazadera floja,109784,0,2,10,0,,,4,16,145.7407272,5,1.77,15,0.9325,2.7025,3,4,0,6,50,0,0,0,192,14880
A,ok,ARNES CABLE DE PODER,Desconectado,109784,0,0,0,0,,,7,7,63.76156817,5,1.26,20,1.243333333,2.503333333,3,4,0,0,0,0,0,0,336,20160
A,W10531691 / W10715783,AGITADOR,Equivocado,109784,24,95,0,0,,,0,119,1083.946659,5,2.99,10,0.621666667,3.611666667,3,3,24,285,0,0,0,0,0,13905
A,"W10677719, W10899834, W10677721",MOTOR,En corto / falla funcional,109784,2,0,8,0,,,2,12,109.3055454,5,16.3,20,1.243333333,17.54333333,5,4,2,0,40,0,0,0,96,13800
A,w11302950,LID LOCK,En corto / No candadea / Falla funcional,109784,1,0,5,0,,,3,9,81.97915908,5,3.75,15,0.9325,4.6825,4,4,1,0,25,0,0,0,144,13600
A,W10465543,BOMBA,Quebrada,109784,0,13,8,0,,,3,24,218.6110909,5,2.6,15,0.9325,3.5325,3,4,0,39,40,0,0,0,144,13380
A,W11307231,Inner tray,Despegados,109784,664,0,0,0,,,0,664,6048.240181,5,0.31,2,0.124333333,0.434333333,1,4,664,0,0,0,0,0,0,13280
A,w11385745 / w11385756 / w11385737  /  W10465543,ACU//Bomba ,En corto,109784,0,0,16,0,,,1,17,154.8495227,5,13.57,30,1.865,15.435,5,4,0,0,80,0,0,0,48,12800
A,ok,ARNES DE MOTOR,Desconectado,109784,0,2,3,0,,,6,11,100.19675,5,1.26,20,1.243333333,2.503333333,3,4,0,6,15,0,0,0,288,18540
A,"W11307594
W11361786
W11307595
W11361787",Cover hinge assy,Tiro corto,109784,205,0,0,0,,,0,205,1867.303068,5,3.32,3,0.1865,3.5065,3,4,205,0,0,0,0,0,0,12300
A,w11385745 / w11385756 / w11385737,ACU,No realiza prueba / Falla en prueba,109784,55,22,0,0,,,0,77,701.3772499,5,10.97,15,0.9325,11.9025,5,4,55,66,0,0,0,0,0,12100
A,ok,ARNES BOMBA,Desconectado,109784,0,0,0,0,,,6,6,54.65277272,5,1.26,15,0.9325,2.1925,3,4,0,0,0,0,0,0,288,17280
A,w11101593 / w11101591 / W11161683 / W11161682,VÁLVULA,Quemada,109784,0,0,0,0,,,4,3,27.32638636,5,1.77,15,0.9325,2.7025,3,4,0,0,0,0,0,0,192,11520
B,w11131744,TUB COVER - VERTIC,Pandeado / Deforme,109784,372,0,0,0,,,0,372,3388.471908,5,2.31,15,0.9325,3.2425,3,2,372,0,0,0,0,0,0,11160
B,"W11258338  W11258336  W11294875
W11294877",Cover hinge LH y RH,Tono diferente,109784,551,0,0,0,,,0,551,5018.946295,5,0.21,3,0.1865,0.3965,1,4,551,0,0,0,0,0,0,11020
B,W11297195 / w11304407 / w11369163,Lid Plastico,Hinge bracket equivocado,109784,0,48,0,0,,,0,48,437.2221817,5,12.17,3,0.1865,12.3565,5,3,0,144,0,0,0,0,0,10800
B,W11241390,Lid metalico,Tornillo mal ensamblado,109784,0,40,3,0,,,0,43,391.6782045,5,4.79,3,0.1865,4.9765,4,4,0,120,15,0,0,0,0,10800
B,W10715787,Agitador couple,Tornillo barrido,109784,0,61,17,0,,,0,78,710.4860453,5,0.71,10,0.621666667,1.331666667,2,4,0,183,85,0,0,0,0,10720
B,"W11295234
W11295240
w11295241
W11295236",CAP HINGE,Rayadas,109784,535,0,0,0,,,0,535,4873.205567,5,0.12,1,0.062166667,0.182166667,1,4,535,0,0,0,0,0,0,10700
B,w11101593 / w11101591 / W11161683 / W11161682,VÁLVULA,Falta de sello / empaque,109784,16,0,1,2,,,2,21,191.2847045,5,1.77,15,0.9325,2.7025,3,4,16,0,5,60,0,0,96,10620
B,W11290467 / W11290465 / W11290468 / W11290466,LABEL SCALE LEVEL,Equivocado,109784,500,10,0,0,,,0,510,4645.485681,5,0.31,5,0.310833333,0.620833333,1,4,500,30,0,0,0,0,0,10600
B,W10715767,TRANSMISIÓN,Pegada,109784,0,0,0,0,,,2,2,18.21759091,5,16.25,30,1.865,18.115,5,4,0,0,0,0,0,0,96,9600
B,W10715767,TRANSMISIÓN,Trabada,109784,0,0,0,0,,,2,2,18.21759091,5,16.25,30,1.865,18.115,5,4,0,0,0,0,0,0,96,9600
B,W10821259,Tube ring,Pandeado,109784,0,99,0,0,,,0,99,901.7707498,5,1.95,15,0.9325,2.8825,3,2,0,297,0,0,0,0,0,8910
B,W10465543,BOMBA,En corto / no activa,109784,1,0,0,0,,,3,4,36.43518181,5,2.6,15,0.9325,3.5325,3,4,1,0,0,0,0,0,144,8700
B,W10465543,BOMBA,Abierta,109784,0,0,0,0,,,3,3,27.32638636,5,2.6,15,0.9325,3.5325,3,4,0,0,0,0,0,0,144,8640
B,W11266058,REAR PANEL,Golpe,109784,0,0,0,0,,,3,3,27.32638636,5,2.84,5,0.310833333,3.150833333,3,4,0,0,0,0,0,0,144,8640
B,W11287268 / W11282699,Top panel,Tornillo mal ensamblado,109784,0,35,0,0,,,0,35,318.8078409,5,7.7,30,1.865,9.565,4,4,0,105,0,0,0,0,0,8400
B,  W11367372,"
LABEL - 10 YEARS WARRANTY
",Mal impresa,109784,402,0,0,0,,,0,402,3661.735772,5,0.04,3,0.1865,0.2265,1,4,402,0,0,0,0,0,0,8040
B,w11385745 / w11385756 / w11385737,ACU,En corto,109784,1,0,0,1,,,1,3,27.32638636,5,10.97,15,0.9325,11.9025,5,4,1,0,0,30,0,0,48,7900
B,W10808317,BANDA,Suelta / Mal colocada,109784,0,1,1,0,,,8,10,91.08795453,5,0.37,10,0.621666667,0.991666667,1,4,0,3,5,0,0,0,384,7840
B,W10669594,POLEA,Floja / sin torque,109784,0,0,0,0,,,8,8,72.87036362,5,0.8,3,0.1865,0.9865,1,4,0,0,0,0,0,0,384,7680
B,W11368879 /  W11281154 ,Fascia,Modelo equivocado,109784,14,21,3,0,,,0,38,346.1342272,5,8.79,15,0.9325,9.7225,4,4,14,63,15,0,0,0,0,7360
B,W10815026,ACTUATOR - SHIFT,Fuera de posición,109784,0,2,2,0,,,2,6,54.65277272,5,3,12,0.746,3.746,3,4,1,15,10,0,0,0,96,7320
B,w11306970 / w11369476 / W11331455,DISPENSADOR,Roto,109784,0,0,5,0,,,2,7,63.76156817,5,1.76,5,0.310833333,2.070833333,3,4,0,0,25,0,0,0,96,7260
B,W10715767,TRANSMISIÓN,Dañada / golpeada,109784,0,6,1,0,,,1,8,72.87036362,5,16.25,30,1.865,18.115,5,4,0,18,5,0,0,0,48,7100
B,W11182552,Auger agitador,Quebrado / pestaña quebrada,109784,0,3,20,0,,,0,23,209.5022954,5,1.85,10,0.621666667,2.471666667,3,4,0,9,100,0,0,0,0,6540
B,W11307231,Inner tray,Se trozan al doblar,109784,313,0,0,0,,,0,313,2851.052977,5,0.31,2,0.124333333,0.434333333,1,4,313,0,0,0,0,0,0,6260
B,W10531691 / W10715783,AGITADOR,Roto,109784,0,1,1,0,,,2,4,36.43518181,5,2.99,10,0.621666667,3.611666667,3,4,0,3,5,0,0,0,96,6240
B,W11260197,MANGUERA APS,Desconectada / sin ensamblar,109784,0,3,4,0,,,1,8,72.87036362,5,4.42,5,0.310833333,4.730833333,4,4,0,9,20,0,0,0,48,6160
B,ok,ARNES ACTUADOR,Desconectado,109784,0,1,0,0,,,3,4,36.43518181,5,1.26,20,1.243333333,2.503333333,3,4,0,3,0,0,0,0,144,8820
B,w11101593 / w11101591 / W11161683 / W11161682,VÁLVULA,No abre,109784,1,0,0,0,,,2,3,27.32638636,5,1.77,15,0.9325,2.7025,3,4,1,0,0,0,0,0,96,5820
B,w11101593 / w11101591 / W11161683 / W11161682,VÁLVULA,Dañada / Quebrada,109784,0,0,0,0,,,2,2,18.21759091,5,1.77,15,0.9325,2.7025,3,4,0,0,0,0,0,0,96,5760
B,W10465543,BOMBA,Dañada,109784,0,0,0,0,,,2,2,18.21759091,5,2.6,15,0.9325,3.5325,3,4,0,0,0,0,0,0,96,5760
B,w11385745 / w11385756 / w11385737,ACU,Dañado,109784,5,0,0,0,,,1,2,18.21759091,5,10.97,15,0.9325,11.9025,5,4,5,0,0,0,0,0,48,5300
B,w11101593 / w11101591 / W11161683 / W11161682,VÁLVULA,Equivocada / Mal identificada,109784,84,0,0,0,,,0,84,765.138818,5,1.77,15,0.9325,2.7025,3,4,84,0,0,0,0,0,0,5040
B,W10715767,TRANSMISIÓN,Snap fuera de posición,109784,0,3,8,0,,,0,11,100.19675,5,16.25,30,1.865,18.115,5,4,0,9,40,0,0,0,0,4900
B,w11302950,LID LOCK,Fuera de posición,109784,0,1,2,0,,,1,4,36.43518181,5,3.75,15,0.9325,4.6825,4,4,0,3,10,0,0,0,48,4880
B,"W11295234
W11295240
w11295241
W11295236",CAP HINGE,Equivocado,109784,242,0,0,0,,,0,242,2204.3285,5,0.12,1,0.062166667,0.182166667,1,4,242,0,0,0,0,0,0,4840
B,"w11295686
w11295684",Tarjeta Robin,Falla de LED,109784,0,8,11,0,,,0,19,173.0671136,5,2.78,10,0.621666667,3.401666667,3,4,0,24,55,0,0,0,0,4740
B,ok,ARNES ACTUADOR,Trozado / Roto,109784,1,3,5,0,,,3,12,109.3055454,5,1.26,20,1.243333333,2.503333333,3,4,1,9,25,0,0,0,144,10740
B,w11101593 / w11101591 / W11161683 / W11161682,VÁLVULA,Tornillo ausente,109784,1,2,4,0,,,1,8,72.87036362,5,1.77,15,0.9325,2.7025,3,4,1,6,20,0,0,0,48,4500
B,ok,Arnes de capacitor,Cable roto,109784,0,0,15,0,,,0,15,136.6319318,5,1.26,20,1.243333333,2.503333333,3,4,0,0,75,0,0,0,0,4500
B,W11297195 / w11304407 / w11369163,Lid Plastico,Equivocado,109784,24,7,0,0,,,0,31,282.372659,5,12.17,3,0.1865,12.3565,5,4,24,21,0,0,0,0,0,4500
B,W11368879 /  W11281154 ,Fascia,Serigrafía movida,109784,3,3,8,0,,,0,14,127.5231363,5,8.79,15,0.9325,9.7225,4,4,3,9,40,0,0,0,0,4160
B,W10531691 / W10715783,AGITADOR,Tornillo barrido / falta de torque,109784,0,16,4,0,,,0,20,182.1759091,5,2.99,10,0.621666667,3.611666667,3,4,0,48,20,0,0,0,0,4080
B,W11287268 / W11282699,Top panel,Pestaña quebrada,109784,0,16,0,0,,,0,16,145.7407272,5,7.7,30,1.865,9.565,4,4,0,48,0,0,0,0,0,3840
B,w11385745 / w11385756 / w11385737,ACU,Desajustado,109784,0,0,0,0,,,1,1,9.108795453,4,10.97,15,0.9325,11.9025,5,4,0,0,0,0,0,0,48,3840
B,ok,ACU //Actuador ,En corto,109784,0,0,0,0,,,1,1,9.108795453,4,13.97,27,1.6785,15.6485,5,4,0,0,0,0,0,0,48,3840
B,W10715767,TRANSMISIÓN // ACTUADOR,Abierto,109784,0,0,0,0,,,1,1,9.108795453,4,16.25,30,1.865,18.115,5,4,0,0,0,0,0,0,48,3840
B,W10715767,SELLO DE TRANSMISIÓN,Fuera de posición,109784,0,0,0,0,,,1,1,9.108795453,4,16.25,30,1.865,18.115,5,4,0,0,0,0,0,0,48,3840
B,"W10677719, W10899834, W10677721",MOTOR // CAPACITOR,En corto,109784,0,0,0,0,,,1,1,9.108795453,4,16.3,20,1.243333333,17.54333333,5,4,0,0,0,0,0,0,48,3840
B,OK,Arnes cable de tierra,Cable roto,109784,0,1,12,0,,,0,13,118.4143409,5,1.26,20,1.243333333,2.503333333,3,4,0,3,60,0,0,0,0,3780
B,W11287268 / W11282699,Top panel,Mal ensamble,109784,0,2,8,0,,,0,10,91.08795453,5,7.7,30,1.865,9.565,4,4,0,6,40,0,0,0,0,3680
B,"W11296162
W11296163",Mega,Quebrada / rayada / golpeada,109784,0,0,9,0,,,0,9,81.97915908,5,4.17,10,0.621666667,4.791666667,4,4,0,0,45,0,0,0,0,3600
B,W11287268 / W11282699,Top panel,Soft clutch baja rápido,109784,0,14,0,0,,,0,14,127.5231363,5,7.7,30,1.865,9.565,4,4,0,42,0,0,0,0,0,3360
B,W10843769,CAPACITOR,Dañado / Quebrado,109784,0,1,1,0,,,1,3,27.32638636,5,2.02,15,0.9325,2.9525,3,4,0,3,5,0,0,0,48,3360
B,W11266059,REAR PANEL,Mal ensamble,109784,0,2,0,0,,,1,3,27.32638636,5,2.84,5,0.310833333,3.150833333,3,4,0,6,0,0,0,0,48,3240
B,"W10677719, W10899834, W10677721",MOTOR,Ruido,109784,2,0,0,1,,,0,3,27.32638636,5,16.3,20,1.243333333,17.54333333,5,4,2,0,0,30,0,0,0,3200
B,W11297195 / w11304407 / w11369163,Lid vidrio,Esquina despegada / Lid despegado,109784,2,0,0,1,,,0,3,27.32638636,5,12.17,3,0.1865,12.3565,5,4,2,0,0,30,0,0,0,3200
B,W11368879 /  W11281154 ,Fascia,Boton trabado,109784,0,0,0,0,,,1,1,9.108795453,4,8.79,15,0.9325,9.7225,4,4,0,0,0,0,0,0,48,3072
B,w11302950,LID LOCK,Desajustado,109784,0,0,0,0,,,1,1,9.108795453,4,3.75,15,0.9325,4.6825,4,4,0,0,0,0,0,0,48,3072
B,"W10677719, W10899834, W10677721",MOTOR,Tornillo ausente,109784,2,1,5,0,,,0,8,72.87036362,5,16.3,20,1.243333333,17.54333333,5,4,2,3,25,0,0,0,0,3000
B,W10815026,ACTUATOR - SHIFT,Dañado // No detecta movimiento // sensor,109784,2,0,0,0,,,1,3,27.32638636,5,3,12,0.746,3.746,3,4,2,0,0,0,0,0,48,3000
B,W10550173,COVER PULLEY,Suelto,109784,0,0,0,0,,,3,3,27.32638636,5,0.72,3,0.1865,0.9065,1,4,0,0,0,0,0,0,144,2880
B,W11260197,Arnes principal,Mal ensamblado,109784,0,2,0,1,,,0,3,27.32638636,5,4.42,20,1.243333333,5.663333333,4,4,0,6,0,30,0,0,0,2880
B,W10715767,TRANSMISIÓN,Tuerca barrida,109784,0,1,5,0,,,0,6,54.65277272,5,16.25,30,1.865,18.115,5,4,0,3,25,0,0,0,0,2800
B,W11368879 /  W11281154 ,Fascia,Overlay con burbuja / grumo,109784,43,13,11,0,,,0,67,610.2892953,5,8.79,15,0.9325,9.7225,4,1,43,39,55,0,0,0,0,2740
B,W11368879 /  W11281154 ,Fascia,Conector mal ensamblado encoder / sin ensamblar,109784,0,8,2,0,,,0,10,91.08795453,5,8.79,15,0.9325,9.7225,4,4,0,24,10,0,0,0,0,2720
C,W10843769,CAPACITOR,Conector invertido,109784,45,0,0,0,,,0,45,409.8957954,5,2.02,15,0.9325,2.9525,3,4,45,0,0,0,0,0,0,2700
C,W10531691 / W10715783,AGITADOR,Ausente,109784,0,15,0,0,,,0,15,136.6319318,5,2.99,10,0.621666667,3.611666667,3,4,0,45,0,0,0,0,0,2700
C,"W11296162
W11296163",Mega,Leds encendidos (dañada),109784,3,0,0,1,,,0,4,36.43518181,5,4.17,10,0.621666667,4.791666667,4,4,3,0,0,30,0,0,0,2640
C,W10715767,TRANSMISIÓN,Tornillo ausente,109784,0,5,2,0,,,0,7,63.76156817,5,16.25,30,1.865,18.115,5,4,0,15,10,0,0,0,0,2500
C,"W11307594
W11361786
W11307595
W11361787",Cover hinge assy,Tono diferente,109784,41,0,0,0,,,0,41,373.4606136,5,3.32,3,0.1865,3.5065,3,4,41,0,0,0,0,0,0,2460
C,w11101593 / w11101591 / W11161683 / W11161682,VÁLVULA,Falta de torque,109784,0,0,8,0,,,0,8,72.87036362,5,1.77,15,0.9325,2.7025,3,4,0,0,40,0,0,0,0,2400
C,ok,Etiqueta de energía,Ausente,109784,0,30,6,0,,,0,36,327.9166363,5,0.02,2,0.124333333,0.144333333,1,4,0,90,30,0,0,0,0,2400
C,W10215115,Impeller,Tornillo barrido,109784,0,10,2,0,,,0,12,109.3055454,5,1.6,5,0.310833333,1.910833333,3,4,0,30,10,0,0,0,0,2400
C,W11368879 /  W11281154 ,Fascia,Overlay marcado / Rayado,109784,29,0,0,0,,,0,29,264.1550681,5,8.79,15,0.9325,9.7225,4,4,29,0,0,0,0,0,0,2320
C,W11368879 /  W11281154 ,Fascia,Perilla ausente,109784,0,3,4,0,,,0,7,63.76156817,5,8.79,15,0.9325,9.7225,4,4,0,9,20,0,0,0,0,2320
C,W10531691 / W10715783,AGITADOR,Tornillo adicional,109784,0,0,0,0,,,1,1,9.108795453,4,2.99,10,0.621666667,3.611666667,3,4,0,0,0,0,0,0,48,2304
C,W10531691 / W10715783,AGITADOR,Gap,109784,0,0,0,0,,,1,1,9.108795453,4,2.99,10,0.621666667,3.611666667,3,4,0,0,0,0,0,0,48,2304
C,,ARNES,Sin continuidad,109784,0,0,0,0,,,1,1,9.108795453,4,1.26,20,1.243333333,2.503333333,3,4,0,0,0,0,0,0,48,2304
C,W11084453 / W11226774,VARILLAS DE SUSPENSIÓN,Falta,109784,0,0,0,0,,,1,1,9.108795453,4,0.7,30,1.865,2.565,3,4,0,0,0,0,0,0,48,2304
C,w11101593 / w11101591 / W11161683 / W11161682,VÁLVULA,Tapada,109784,0,0,0,0,,,1,1,9.108795453,4,1.77,15,0.9325,2.7025,3,4,0,0,0,0,0,0,48,2304
C,w11101593 / w11101591 / W11161683 / W11161682,VÁLVULA,Quebrada,109784,0,0,0,0,,,1,1,9.108795453,4,1.77,15,0.9325,2.7025,3,4,0,0,0,0,0,0,48,2304
C,W10465543,BOMBA,Quemada,109784,0,0,0,0,,,1,1,9.108795453,4,2.6,15,0.9325,3.5325,3,4,0,0,0,0,0,0,48,2304
C,ok,BOMBA // ACU,En corto,109784,0,0,0,0,,,1,1,9.108795453,4,2.6,15,0.9325,3.5325,3,4,0,0,0,0,0,0,48,2304
C,w11101593 / w11101591 / W11161683 / W11161682,BOBINA DE VALVULA,Agrietada,109784,0,0,0,0,,,1,1,9.108795453,4,1.77,15,0.9325,2.7025,3,4,0,0,0,0,0,0,48,2304
C,W10239909,BALERO,Fuera de posición,109784,0,0,0,0,,,1,1,9.108795453,4,0.6,30,1.865,2.465,3,4,0,0,0,0,0,0,48,2304
C,W11373428,BOLAS DE SUSPENSIÓN,Sueltas,109784,0,0,0,0,,,1,1,9.108795453,4,0.06,30,1.865,1.925,3,4,0,0,0,0,0,0,48,2304
C,w11306970 / w11369476 / W11331455,DISPENSADOR,Fuera de posición,109784,0,0,0,0,,,1,1,9.108795453,4,1.76,5,0.310833333,2.070833333,3,4,0,0,0,0,0,0,48,2304
C,w11385745 / w11385756 / w11385737,ACU,Marca spin corriente / corriente 0 no realiza spin,109784,22,0,0,0,,,0,22,200.3935,5,10.97,15,0.9325,11.9025,5,4,22,0,0,0,0,0,0,2200
C,"W10677719, W10899834, W10677721",MOTOR,Agrietados / con golpes / quebrados,109784,0,2,3,0,,,0,5,45.54397726,5,16.3,20,1.243333333,17.54333333,5,4,0,6,15,0,0,0,0,2100
C,"W11241403
W11241404",Bracket metalico,Agrietado,109784,0,34,0,0,,,0,34,309.6990454,5,0.19,2,0.124333333,0.314333333,1,4,0,102,0,0,0,0,0,2040
C,"W11296162
W11296163",Mega,Falla de led,109784,2,1,4,0,,,0,7,63.76156817,5,4.17,10,0.621666667,4.791666667,4,4,2,3,20,0,0,0,0,2000
C,w11385745 / w11385756 / w11385737,ACU,Conector invertido,109784,0,0,4,0,,,0,4,36.43518181,5,10.97,15,0.9325,11.9025,5,4,0,0,20,0,0,0,0,2000
C,W10465543,BOMBA,Abrazadera mal ensamblada,109784,0,11,0,0,,,0,11,100.19675,5,2.6,15,0.9325,3.5325,3,4,0,33,0,0,0,0,0,1980
C,w11306970 / w11369476 / W11331455,DISPENSADOR,Tono diferente,109784,33,0,0,0,,,0,33,300.5902499,5,1.76,5,0.310833333,2.070833333,3,4,33,0,0,0,0,0,0,1980
C,W11368879 /  W11281154 ,Fascia,Led opaco,109784,24,0,0,0,,,0,24,218.6110909,5,8.79,15,0.9325,9.7225,4,4,24,0,0,0,0,0,0,1920
C,"W11126886
W11129841",Canasta drum,Mal clinchada,109784,0,8,0,0,,,0,8,72.87036362,5,6.13,60,3.73,9.86,4,4,0,24,0,0,0,0,0,1920
C,W10843769,CAPACITOR,Terminal doblada,109784,0,9,1,0,0,0,0,10,91.08795453,5,2.02,15,0.9325,2.9525,3,4,0,27,5,0,0,0,0,1920
C,W10550173,COVER PULLEY,Flojo / falta de torque / Tornillo ausente,109784,0,6,6,0,,,1,13,118.4143409,5,0.72,3,0.1865,0.9065,1,4,0,18,30,0,0,0,48,1920
C,W10601366,MANGUERA DE DRENADO,Faltante,109784,0,0,0,0,,,2,2,18.21759091,5,0.66,2,0.124333333,0.784333333,1,4,0,0,0,0,0,0,96,1920
C,"W11126948
W11126875
W11339251
W11339248",TINA,Pivotes quebrados,109784,0,3,2,0,0,0,0,5,45.54397726,5,12.72,60,3.73,16.45,5,4,0,9,10,0,0,0,0,1900
C,w11306970 / w11369476 / W11331455,DISPENSADOR,Mal ensamble,109784,31,0,0,0,,,0,31,282.372659,5,1.76,5,0.310833333,2.070833333,3,4,31,0,0,0,0,0,0,1860
C,w11101593 / w11101591 / W11161683 / W11161682,VÁLVULA,Terminal safada,109784,0,0,6,0,,,0,6,54.65277272,5,1.77,15,0.9325,2.7025,3,4,0,0,30,0,0,0,0,1800
C,W11368879 /  W11281154 ,Fascia,Golpe/quebrado ,109784,22,0,0,0,,,0,22,200.3935,5,8.79,15,0.9325,9.7225,4,4,22,0,0,0,0,0,0,1760
C,W11287268 / W11282699,Top panel,Bezel ausente,109784,0,0,4,0,,,0,4,36.43518181,5,7.7,30,1.865,9.565,4,4,0,0,20,0,0,0,0,1600
C,w11385745 / w11385756 / w11385737,ACU,No enciende,109784,16,0,0,0,,,0,16,145.7407272,5,10.97,15,0.9325,11.9025,5,4,16,0,0,0,0,0,0,1600
C,W10715767,TRANSMISIÓN,Tornillo barrido,109784,0,2,2,0,,,0,4,36.43518181,5,16.25,30,1.865,18.115,5,4,0,6,10,0,0,0,0,1600
C,W10843769,CAPACITOR,Falla funcional,109784,1,0,5,0,0,0,0,6,54.65277272,5,2.02,15,0.9325,2.9525,3,4,1,0,25,0,0,0,0,1560
C,W10763078,MANGUERA DE DRENADO Tina a Bomba ,Rota,109784,0,0,0,1,,,1,2,18.21759091,5,0.53,5,0.310833333,0.840833333,1,4,0,0,0,30,0,0,48,1560
C,W11287268 / W11282699,Top panel,Tornillo ausente,109784,0,3,2,0,,,0,5,45.54397726,5,7.7,30,1.865,9.565,4,4,0,9,10,0,0,0,0,1520
C,W10808317,BANDA,Ausente,109784,0,6,11,0,,,0,17,154.8495227,5,0.37,10,0.621666667,0.991666667,1,4,0,18,55,0,0,0,0,1460
C,W11266057,REAR PANEL,Tornillo ausente,109784,0,8,0,0,,,0,8,72.87036362,5,2.84,5,0.310833333,3.150833333,3,4,0,24,0,0,0,0,0,1440
C,W10465543,BOMBA,Manguera dañada,109784,0,0,0,1,,,0,1,9.108795453,4,2.6,15,0.9325,3.5325,3,4,0,0,0,30,0,0,0,1440
C,OK,Arnes lower,Dañado,109784,0,0,0,1,,0,0,1,9.108795453,4,1.26,20,1.243333333,2.503333333,3,4,0,0,0,30,0,0,0,1440
C,W11266056,Channel top rear,Agrietado,109784,0,7,0,0,,,0,7,63.76156817,5,2.84,5,0.310833333,3.150833333,3,4,0,21,0,0,0,0,0,1260
C,"w11295686
w11295684",Tarjeta Robin,Tornillo ausente,109784,0,2,3,0,,,0,5,45.54397726,5,2.78,10,0.621666667,3.401666667,3,4,0,6,15,0,0,0,0,1260
C,W11290467 / W11290465 / W11290468 / W11290466,LABEL SCALE LEVEL,Ausentes,109784,0,9,7,0,,,0,16,145.7407272,5,0.31,5,0.310833333,0.620833333,1,4,0,27,35,0,0,0,0,1240
C,"W11126886
W11129841",Canasta drum,Mal rectificado,109784,0,5,0,0,,,0,5,45.54397726,5,6.13,60,3.73,9.86,4,4,0,15,0,0,0,0,0,1200
C,w11385745 / w11385756 / w11385737,ACU,No entra cable en data,109784,12,0,0,0,,,0,12,109.3055454,5,10.97,15,0.9325,11.9025,5,4,12,0,0,0,0,0,0,1200
C,w11385745 / w11385756 / w11385737,ACU,Dreno sin terminar ciclo,109784,12,0,0,0,,,0,12,109.3055454,5,10.97,15,0.9325,11.9025,5,4,12,0,0,0,0,0,0,1200
C,ok,Arnes de capacitor,Conector quebrado,109784,0,1,4,0,,,0,5,45.54397726,5,1.26,20,1.243333333,2.503333333,3,4,0,3,20,0,0,0,0,1380
C,"W11126948
W11126875
W11339251
W11339248",TINA,Orificio tapado,109784,0,2,1,0,0,0,0,3,27.32638636,5,12.72,60,3.73,16.45,5,4,0,6,5,0,0,0,0,1100
C,w11385745 / w11385756 / w11385737,ACU,Conector quebrado / Conector dañado,109784,1,0,2,0,,,0,3,27.32638636,5,10.97,15,0.9325,11.9025,5,4,1,0,10,0,0,0,0,1100
C,W10215115,Impeller,Rebaba,109784,3,0,3,0,,,0,6,54.65277272,5,1.6,5,0.310833333,1.910833333,3,4,3,0,15,0,0,0,0,1080
C,W10515799,Rear top,Tornillo ausente,109784,0,6,0,0,,,0,6,54.65277272,5,1.71,3,0.1865,1.8965,3,4,0,18,0,0,0,0,0,1080
C,W11241391,Lid metalico,Tornillo ausente,109784,0,1,2,0,,,0,3,27.32638636,5,4.79,3,0.1865,4.9765,4,4,0,3,10,0,0,0,0,1040
C,W10006354,CAM SPLUTCH,Quebrado,109784,0,1,0,0,,,1,2,18.21759091,5,0.14,5,0.310833333,0.450833333,1,4,0,3,0,0,0,0,48,1020
C,"W11291948, w11135363",PERILLA,Suelta,109784,0,1,0,0,,,1,2,18.21759091,5,0.52,1,0.062166667,0.582166667,1,4,0,3,0,0,0,0,48,1020
C,W10515817,Chanel bottom,Incompleto,109784,0,0,5,0,,,0,5,45.54397726,5,1.32,3,0.1865,1.5065,2,4,0,0,25,0,0,0,0,1000
C,"W11258338  W11258336  W11294875
W11294877",Cover hinge LH y RH,Equivocado,109784,39,2,1,0,,,0,42,382.569409,5,0.21,3,0.1865,0.3965,1,4,39,6,5,0,0,0,0,1000
C,W11297195 / w11304407 / w11369163,LID,"Golpeado, agrietado, quebrado",109784,0,0,2,0,,,0,2,18.21759091,5,12.17,3,0.1865,12.3565,5,4,0,0,10,0,0,0,0,1000
C,"W10677719, W10899834, W10677721",MOTOR,Cable suelto,109784,0,0,2,0,,,0,2,18.21759091,5,16.3,20,1.243333333,17.54333333,5,4,0,0,10,0,0,0,0,1000
C,W11260197,Arnes principal,Dañado,109784,0,4,0,0,,0,0,4,36.43518181,5,4.42,20,1.243333333,5.663333333,4,4,0,12,0,0,0,0,0,960
C,W11260207,Cable poder,Clip Ausente,109784,23,0,0,0,,,0,23,209.5022954,5,1.51,5,0.310833333,1.820833333,2,4,23,0,0,0,0,0,0,920
C,W10319871,Etiqueta de advertencia,Incompleto,109784,0,15,0,0,,,0,15,136.6319318,5,0.01,2,0.124333333,0.134333333,1,4,0,45,0,0,0,0,0,900
C,ok,ARNES ACTUADOR,Enredado / atrapado,109784,0,1,3,0,,,0,4,36.43518181,5,1.26,20,1.243333333,2.503333333,3,4,0,3,15,0,0,0,0,1080
C,W10715767,TRANSMISIÓN,Snap doble,109784,0,3,0,0,0,0,0,3,27.32638636,5,16.25,30,1.865,18.115,5,4,0,9,0,0,0,0,0,900
C,W10465543,BOMBA,conector dañado,109784,0,0,3,0,,,0,3,27.32638636,5,2.6,15,0.9325,3.5325,3,4,0,0,15,0,0,0,0,900
C,W11303088,Bracket housing,Tornillo ausente,109784,0,0,3,0,,,0,3,27.32638636,5,1.62,10,0.621666667,2.241666667,3,4,0,0,15,0,0,0,0,900
C,"w11295686
w11295684",Tarjeta Robin,Mal ruteo,109784,0,0,3,0,,,0,3,27.32638636,5,2.78,10,0.621666667,3.401666667,3,4,0,0,15,0,0,0,0,900
C,W10516132,Planetario,Rebaba,109784,0,3,0,0,,,0,3,27.32638636,5,9.4,30,1.865,11.265,5,4,0,9,0,0,0,0,0,900
C,W10655102,Speed wheel,Pandeado / deformado,109784,44,0,0,0,,,0,44,400.7869999,5,0.26,12,0.746,1.006,1,4,44,0,0,0,0,0,0,880
C,"W11126886
W11129841",Canasta drum,Mal ensamble,109784,0,2,1,0,,,0,3,27.32638636,5,6.13,60,3.73,9.86,4,4,0,6,5,0,0,0,0,880
C,W11260197,MANGUERA APS,Contaminación / sucias,109784,0,2,1,0,,,0,3,27.32638636,5,4.42,5,0.310833333,4.730833333,4,4,0,6,5,0,0,0,0,880
C,W11260207,Cable poder,Tornillo Barrido,109784,0,7,0,0,,,0,7,63.76156817,5,1.51,5,0.310833333,1.820833333,2,4,0,21,0,0,0,0,0,840
C,W10715787,Agitador couple,Tornillo falta de torque,109784,0,7,0,0,,,0,7,63.76156817,5,0.71,10,0.621666667,1.331666667,2,4,0,21,0,0,0,0,0,840
C,W11297195 / w11304407 / w11369163,LID,Bumper ausente,109784,2,2,0,0,,,0,4,36.43518181,5,12.17,3,0.1865,12.3565,5,4,2,6,0,0,0,0,0,800
C,"W11296162
W11296163",Mega,Conector mal ensamblado / sin ensamblar,109784,2,1,1,0,,,0,4,36.43518181,5,4.17,10,0.621666667,4.791666667,4,4,2,3,5,0,0,0,0,800
C,W11297195 / w11304407 / w11369163,Lid Plastico,Dañado / rayado,109784,5,1,0,0,,,0,6,54.65277272,5,12.17,3,0.1865,12.3565,5,4,5,3,0,0,0,0,0,800
C,W11297195 / w11304407 / w11369163,LID,Mal ensamble de bisagras,109784,0,1,1,0,,,0,2,18.21759091,5,12.17,3,0.1865,12.3565,5,4,0,3,5,0,0,0,0,800
C,"W11126948
W11126875
W11339251
W11339248",TINA,Con Suciedad / contaminadas,109784,0,1,1,0,0,0,0,2,18.21759091,5,12.72,60,3.73,16.45,5,4,0,3,5,0,0,0,0,800
C,"W11296162
W11296163",Mega,Boton ausente,109784,0,0,2,0,,,0,2,18.21759091,5,4.17,10,0.621666667,4.791666667,4,4,0,0,10,0,0,0,0,800
C,"W11296162
W11296163",Mega,Conector quebrado,109784,0,0,2,0,,,0,2,18.21759091,5,4.17,10,0.621666667,4.791666667,4,4,0,0,10,0,0,0,0,800
C,W10531691 / W10715783,AGITADOR,Pandeado,109784,0,1,2,0,,,0,3,27.32638636,5,2.99,10,0.621666667,3.611666667,3,4,0,3,10,0,0,0,0,780
C,8580006,CUP DISPENSER,Fuera de posición,109784,0,0,0,0,,,1,1,9.108795453,4,0.94,5,0.310833333,1.250833333,1,4,0,0,0,0,0,0,48,768
C,W10550173,COVER PULLEY,Fuera de posición,109784,0,0,0,0,,,1,1,9.108795453,4,0.72,3,0.1865,0.9065,1,4,0,0,0,0,0,0,48,768
C,W11179235,PATA NIVELADORA,Golpe,109784,0,0,0,0,,,1,1,9.108795453,4,0.1,2,0.124333333,0.224333333,1,4,0,0,0,0,0,0,48,768
C,"W11258982
W11258983",MANGUERAS DE LLENADO,Tamaño diferente al requerido,109784,0,0,0,0,,,1,1,9.108795453,4,0.67,2,0.124333333,0.794333333,1,4,0,0,0,0,0,0,48,768
C,W10601366,MANGUERA DE DRENADO,Rota,109784,0,0,0,0,,,1,1,9.108795453,4,0.66,2,0.124333333,0.784333333,1,4,0,0,0,0,0,0,48,768
C,W10655102,Speed wheel,Quebrado / dañado / fracturado,109784,3,1,0,1,,,0,5,45.54397726,5,0.26,12,0.746,1.006,1,4,3,3,0,30,0,0,0,720
C,W11287268 / W11282699,Top panel,Defecto inyección / tiro corto,109784,3,2,0,0,,,0,5,45.54397726,5,7.7,30,1.865,9.565,4,4,3,6,0,0,0,0,0,720
C,W11368879 /  W11281154 ,Fascia,Poste deforme,109784,0,3,0,0,,,0,3,27.32638636,5,8.79,15,0.9325,9.7225,4,4,0,9,0,0,0,0,0,720
C,W10815026,ACTUATOR - SHIFT,Ciclo lento,109784,2,0,2,0,,,0,4,36.43518181,5,3,12,0.746,3.746,3,4,2,0,10,0,0,0,0,720
C,W10821259,Tube ring,Rayado / golpeado / quebrado,109784,0,4,0,0,,,0,4,36.43518181,5,1.95,15,0.9325,2.8825,3,4,0,12,0,0,0,0,0,720
C,W11084453 / W11226774,VARILLAS DE SUSPENSIÓN,Equivocada,109784,0,3,0,0,,,0,3,27.32638636,5,0.7,30,1.865,2.565,3,4,0,12,0,0,0,0,0,720
C,W10531691 / W10715783,AGITADOR,Tornillo ausente,109784,0,4,0,0,,,0,4,36.43518181,5,2.99,10,0.621666667,3.611666667,3,4,0,12,0,0,0,0,0,720
C,w11306970 / w11369476 / W11331455,DISPENSADOR,Deforme,109784,6,2,0,0,,,0,8,72.87036362,5,1.76,5,0.310833333,2.070833333,3,4,6,6,0,0,0,0,0,720
C,"w11295686
w11295684",Tarjeta Robin,No realiza prueba,109784,11,0,0,0,,,0,11,100.19675,5,2.78,10,0.621666667,3.401666667,3,4,11,0,0,0,0,0,0,660
C,W11368879 /  W11281154 ,Fascia,Botón fuera de especificación,109784,5,1,0,0,,,0,6,54.65277272,5,8.79,15,0.9325,9.7225,4,4,5,3,0,0,0,0,0,640
C,"W11126886
W11129841",Canasta drum,Golpeada,109784,0,1,1,0,,,0,2,18.21759091,5,6.13,60,3.73,9.86,4,4,0,3,5,0,0,0,0,640
C,W11241388,Lid metalico,Golpeado,109784,0,1,1,0,,,0,2,18.21759091,5,4.79,3,0.1865,4.9765,4,4,0,3,5,0,0,0,0,640
C,w11385745 / w11385756 / w11385737,ACU,Conector equivocado,109784,6,0,0,0,,,0,6,54.65277272,5,10.97,15,0.9325,11.9025,5,4,6,0,0,0,0,0,0,600
C,w11385745 / w11385756 / w11385737,ACU,Leds encendidos (dañada),109784,6,0,0,0,,,0,6,54.65277272,5,10.97,15,0.9325,11.9025,5,4,6,0,0,0,0,0,0,600
C,W10465543,BOMBA,Manguera mal ensamblada,109784,0,0,2,0,,,0,2,18.21759091,5,2.6,15,0.9325,3.5325,3,4,0,0,10,0,0,0,0,600
C,ok,ARNES DE MOTOR,Enredado / atrapado,109784,0,1,2,0,,,0,3,27.32638636,5,1.26,20,1.243333333,2.503333333,3,4,0,3,10,0,0,0,0,780
C,w11101593 / w11101591 / W11161683 / W11161682,VÁLVULA,conector dañado,109784,0,0,2,0,,,0,2,18.21759091,5,1.77,15,0.9325,2.7025,3,4,0,0,10,0,0,0,0,600
C,"W11126948
W11126875
W11339251
W11339248",TINA,Tiro corto,109784,0,2,0,0,,,0,2,18.21759091,5,12.72,60,3.73,16.45,5,4,0,6,0,0,0,0,0,600
C,"W11126948
W11126875
W11339251
W11339248",TINA,Tornillo dentro de unidad,109784,0,2,0,0,,,0,2,18.21759091,5,12.72,60,3.73,16.45,5,4,0,6,0,0,0,0,0,600
C,"W11126948
W11126875
W11339251
W11339248",TINA,Pestaña quebrada,109784,0,2,0,0,,,0,2,18.21759091,5,12.72,60,3.73,16.45,5,4,0,6,0,0,0,0,0,600
C,OK,Arnes cable de tierra,Enredado / atrapado,109784,0,1,2,0,,,0,3,27.32638636,5,1.26,20,1.243333333,2.503333333,3,4,0,3,10,0,0,0,0,780
C,"w11295686
w11295684",Tarjeta Robin,Boton fuera de especificación,109784,0,0,2,0,,,0,2,18.21759091,5,2.78,10,0.621666667,3.401666667,3,4,0,0,10,0,0,0,0,600
C,W10823513,Gabinetes,Doblez deformado,109784,0,2,0,0,,,0,2,18.21759091,5,11.76,5,0.310833333,12.07083333,5,4,0,6,0,0,0,0,0,600
C,w11306970 / w11369476 / W11331455,DISPENSADOR,Tornillo ausente,109784,0,0,2,0,,,0,2,18.21759091,5,1.76,5,0.310833333,2.070833333,3,4,0,0,10,0,0,0,0,600
C,w11306970 / w11369476 / W11331455,DISPENSADOR,No de parte equivocado,109784,0,0,2,0,,,0,2,18.21759091,5,1.76,5,0.310833333,2.070833333,3,4,0,0,10,0,0,0,0,600
C,"W10414381
W10414397
W10414398
W11195059",Encoder,Mal ensamble / sin ensamblar,109784,0,8,1,0,,,0,9,81.97915908,5,0.68,3,0.1865,0.8665,1,4,0,24,5,0,0,0,0,580
C,w11302950,LID LOCK,Candadeado/Activado,109784,7,0,0,0,,,0,7,63.76156817,5,3.75,15,0.9325,4.6825,4,4,7,0,0,0,0,0,0,560
C,"W11296162
W11296163",Mega,No realiza prueba,109784,4,1,0,0,,,0,5,45.54397726,5,4.17,10,0.621666667,4.791666667,4,4,4,3,0,0,0,0,0,560
C,8566198,Air dome,Ausente,109784,0,4,3,0,,,0,7,63.76156817,5,0.07,5,0.310833333,0.380833333,1,4,0,12,15,0,0,0,0,540
C,W11385805,BASE PROT-PACKAGIN,Dañada en tarima,109784,9,0,0,0,,,0,9,81.97915908,5,2.06,5,0.310833333,2.370833333,3,4,9,0,0,0,0,0,0,540
C,W11266056,REAR PANEL,Falta de torque,109784,0,3,0,0,,,0,3,27.32638636,5,2.84,5,0.310833333,3.150833333,3,4,0,9,0,0,0,0,0,540
C,OK,Arnes upper,Pin dañado,109784,0,3,0,0,,,0,3,27.32638636,5,1.26,20,1.243333333,2.503333333,3,4,0,9,0,0,0,0,0,540
C,ok,Clip arnes blanco,Mal ensamble,109784,0,3,0,0,,,0,3,27.32638636,5,1.26,20,1.243333333,2.503333333,3,4,0,9,0,0,0,0,0,540
C,w11385745 / w11385756 / w11385737,ACU,LED,109784,5,0,0,0,,,0,5,45.54397726,5,10.97,15,0.9325,11.9025,5,4,5,0,0,0,0,0,0,500
C,W11368879 /  W11281154 ,Fascia,Tiro corto,109784,3,1,0,0,,,0,4,36.43518181,5,8.79,15,0.9325,9.7225,4,4,3,3,0,0,0,0,0,480
C,"W10414381
W10414397
W10414398
W11195059",Encoder,Invertido,109784,0,3,3,0,,,0,6,54.65277272,5,0.68,3,0.1865,0.8665,1,4,0,9,15,0,0,0,0,480
C,W11368879 /  W11281154 ,Fascia,Perilla número de parte equivocado,109784,0,2,0,0,,,0,2,18.21759091,5,8.79,15,0.9325,9.7225,4,4,0,6,0,0,0,0,0,480
C,"W11126886
W11129841",Canasta drum,Fuera de especificación,109784,0,2,0,0,,,0,2,18.21759091,5,6.13,60,3.73,9.86,4,4,0,6,0,0,0,0,0,480
C,W10465543,BOMBA,Tornillo ausente,109784,0,1,1,0,,,0,2,18.21759091,5,2.6,15,0.9325,3.5325,3,4,0,3,5,0,0,0,0,480
C,W11303073,LABEL - PROD REG,Mal impresa,109784,23,0,0,0,,,0,23,209.5022954,5,0.06,2,0.124333333,0.184333333,1,4,23,0,0,0,0,0,0,460
C,W11307231,Inner tray,Carton duro,109784,22,0,0,0,,,0,22,200.3935,5,0.31,2,0.124333333,0.434333333,1,4,22,0,0,0,0,0,0,440
C,ok,Etiqueta garanía,Ausente,109784,0,7,0,0,,,0,7,63.76156817,5,0.02,2,0.124333333,0.144333333,1,4,0,21,0,0,0,0,0,420
C,w11385745 / w11385756 / w11385737,ACU,Valvula 2 corriente 82 / valvula corriente,109784,4,0,0,0,,,0,4,36.43518181,5,10.97,15,0.9325,11.9025,5,4,4,0,0,0,0,0,0,400
C,W11260207,Cable poder,Clip sin ensamblar,109784,0,0,2,0,,,0,2,18.21759091,5,1.51,5,0.310833333,1.820833333,2,4,0,0,10,0,0,0,0,400
C,W11297195 / w11304407 / w11369163,LID,Contaminado,109784,0,0,1,0,,,0,1,9.108795453,4,12.17,3,0.1865,12.3565,5,4,0,0,5,0,0,0,0,400
C,W10715767,TRANSMISIÓN,Tornillos extra,109784,0,0,1,0,,,0,1,9.108795453,4,16.25,30,1.865,18.115,5,4,0,0,5,0,0,0,0,400
C,W10715767,TRANSMISIÓN,speed weel ausente,109784,0,0,1,0,,,0,1,9.108795453,4,16.25,30,1.865,18.115,5,4,0,0,5,0,0,0,0,400
C,W10715767,TRANSMISIÓN,Agrietada,109784,0,0,1,0,,,0,1,9.108795453,4,16.25,30,1.865,18.115,5,4,0,0,5,0,0,0,0,400
C,W10823513,Gabinetes,Marca de rebaba,109784,0,0,1,0,,,0,1,9.108795453,4,11.76,5,0.310833333,12.07083333,5,4,0,0,5,0,0,0,0,400
C,W10823513,Gabinetes,Desprendimiento de pintura,109784,0,0,1,0,,,0,1,9.108795453,4,11.76,5,0.310833333,12.07083333,5,4,0,0,5,0,0,0,0,400
C,W11385805,BASE PROT-PACKAGIN,Despegada,109784,6,0,0,0,,,0,6,54.65277272,5,2.06,5,0.310833333,2.370833333,3,4,6,0,0,0,0,0,0,360
C,W10465543,BOMBA,Mal ensamblada,109784,0,2,0,0,,,0,2,18.21759091,5,2.6,15,0.9325,3.5325,3,4,0,6,0,0,0,0,0,360
C,W10843769,CAPACITOR,Fuera de especificación,109784,0,2,0,0,0,0,0,2,18.21759091,5,2.02,15,0.9325,2.9525,3,4,0,6,0,0,0,0,0,360
C,w11260197 / w11260203 / w11260206,ARNES,Clip fuera de especificación,109784,0,2,0,0,,,0,2,18.21759091,5,1.26,20,1.243333333,2.503333333,3,4,0,6,0,0,0,0,0,360
C,W11303088,Bracket housing,Tornillo falta de torque,109784,0,2,0,0,,,0,2,18.21759091,5,1.62,10,0.621666667,2.241666667,3,4,0,6,0,0,0,0,0,360
C,W11182552,Auger agitador,Ausente,109784,0,2,0,0,,,0,2,18.21759091,5,1.85,10,0.621666667,2.471666667,3,4,0,6,0,0,0,0,0,360
C,OK,Arnes cable de tierra,Dañado,109784,0,2,0,0,,0,0,2,18.21759091,5,1.26,20,1.243333333,2.503333333,3,4,0,6,0,0,0,0,0,360
C,W10821259,Tube ring,Deforme,109784,0,2,0,0,,,0,2,18.21759091,5,1.95,15,0.9325,2.8825,3,4,0,6,0,0,0,0,0,360
C,W10821259,Tube ring,Pestaña quebrada,109784,0,2,0,0,,,0,2,18.21759091,5,1.95,15,0.9325,2.8825,3,4,0,6,0,0,0,0,0,360
C,w11306970 / w11369476 / W11331455,DISPENSADOR,Falta de syphon,109784,0,2,0,0,,,0,2,18.21759091,5,1.76,5,0.310833333,2.070833333,3,4,0,6,0,0,0,0,0,360
C,W10215115,Impeller,Mal ensamble a base basket / pre-colocación de tornillo,109784,0,2,0,0,,,0,2,18.21759091,5,1.6,5,0.310833333,1.910833333,3,4,0,6,0,0,0,0,0,360
C,"W11291948, w11135363",Perilla,Poste deforme,109784,2,0,3,0,,,0,5,45.54397726,5,0.52,1,0.062166667,0.582166667,1,4,2,0,15,0,0,0,0,340
C,W11287268 / W11282699,Top panel,Contamiando,109784,4,0,0,0,,,0,4,36.43518181,5,7.7,30,1.865,9.565,4,4,4,0,0,0,0,0,0,320
C,w11302950,LID LOCK,Tiro corto,109784,4,0,0,0,,,0,4,36.43518181,5,3.75,15,0.9325,4.6825,4,4,4,0,0,0,0,0,0,320
C,"W11126886
W11129841",Canasta drum,Base golpeado / quebrado,109784,0,0,1,0,,,0,1,9.108795453,4,6.13,60,3.73,9.86,4,4,0,0,5,0,0,0,0,320
C,"W11126886
W11129841",Canasta drum,Balance golpeado / quebrado,109784,0,0,1,0,,,0,1,9.108795453,4,6.13,60,3.73,9.86,4,4,0,0,5,0,0,0,0,320
C,W11368879 /  W11281154 ,Fascia,Cable roto de encoder,109784,0,0,1,0,,,0,1,9.108795453,4,8.79,15,0.9325,9.7225,4,4,0,0,5,0,0,0,0,320
C,W11368879 /  W11281154 ,Fascia,Contaminada,109784,0,0,1,0,,,0,1,9.108795453,4,8.79,15,0.9325,9.7225,4,4,0,0,5,0,0,0,0,320
C,W11368879 /  W11281154 ,Fascia,Overlay despegado,109784,0,0,1,0,,,0,1,9.108795453,4,8.79,15,0.9325,9.7225,4,4,0,0,5,0,0,0,0,320
C,W11287268 / W11282699,Top panel,Nut ausente,109784,0,0,1,0,,,0,1,9.108795453,4,7.7,30,1.865,9.565,4,4,0,0,5,0,0,0,0,320
C,w11302950,LID LOCK,Quebrado / dañado,109784,0,0,1,0,,,0,1,9.108795453,4,3.75,15,0.9325,4.6825,4,4,0,0,5,0,0,0,0,320
C,W11241386,Lid metalico,Visagra con mal ensamble,109784,0,0,1,0,,,0,1,9.108795453,4,4.79,3,0.1865,4.9765,4,4,0,0,5,0,0,0,0,320
C,W11241387,Lid metalico,Bumper ausente,109784,0,0,1,0,,,0,1,9.108795453,4,4.79,3,0.1865,4.9765,4,4,0,0,5,0,0,0,0,320
C,W11241389,Lid metalico,Strike hook ausente,109784,0,0,1,0,,,0,1,9.108795453,4,4.79,3,0.1865,4.9765,4,4,0,0,5,0,0,0,0,320
C,W10843769,CAPACITOR,Conector dañado,109784,2,1,0,0,0,0,0,3,27.32638636,5,2.02,15,0.9325,2.9525,3,4,2,3,0,0,0,0,0,300
C,w11385745 / w11385756 / w11385737,ACU,Falla de programación,109784,3,0,0,0,,,0,3,27.32638636,5,10.97,15,0.9325,11.9025,5,4,3,0,0,0,0,0,0,300
C,"W10677719, W10899834, W10677721",MOTOR,Falla en agitación ,109784,3,0,0,0,,,0,3,27.32638636,5,16.3,20,1.243333333,17.54333333,5,4,3,0,0,0,0,0,0,300
C,W10517931,Etiqueta conagua,Ausentes,109784,0,3,1,0,,,0,4,36.43518181,5,0.1,2,0.124333333,0.224333333,1,4,0,9,5,0,0,0,0,280
C,W11368879 /  W11281154 ,Fascia,Rebaba,109784,3,0,0,0,,,0,3,27.32638636,5,8.79,15,0.9325,9.7225,4,4,3,0,0,0,0,0,0,240
C,"w11295686
w11295684",Tarjeta Robin,Falta de LED,109784,4,0,0,0,,,0,4,36.43518181,5,2.78,10,0.621666667,3.401666667,3,4,4,0,0,0,0,0,0,240
C,w11260197 / w11260203 / w11260206,ARNES,Terminal suelta,109784,4,0,0,0,,,0,4,36.43518181,5,1.26,20,1.243333333,2.503333333,3,4,4,0,0,0,0,0,0,240
C,W10843769,CAPACITOR,Mal ensamble,109784,4,0,0,0,,,0,4,36.43518181,5,2.02,15,0.9325,2.9525,3,4,4,0,0,0,0,0,0,240
C,ok,ARNES CABLE DE PODER,Clip ausente/ Omision de ensamble ,109784,0,2,1,0,,,0,3,27.32638636,5,1.26,20,1.243333333,2.503333333,3,4,0,6,5,0,0,0,0,660
C,W10715767,TRANSMISIÓN,Mal clinchado en maquina,109784,0,1,0,0,0,0,0,1,9.108795453,4,16.25,30,1.865,18.115,5,4,0,3,0,0,0,0,0,240
C,W10715767,TRANSMISIÓN,Fuera de posición,109784,0,1,0,0,0,0,0,1,9.108795453,4,16.25,30,1.865,18.115,5,4,0,3,0,0,0,0,0,240
C,W10715767,TRANSMISIÓN,Doble componente,109784,0,1,0,0,0,0,0,1,9.108795453,4,16.25,30,1.865,18.115,5,4,0,3,0,0,0,0,0,240
C,W10715767,TRANSMISIÓN,Ausente,109784,0,1,0,0,,,0,1,9.108795453,4,16.25,30,1.865,18.115,5,4,0,3,0,0,0,0,0,240
C,ok,ARNES DE MOTOR,No de parte equivocado,109784,0,0,1,0,,,0,1,9.108795453,4,1.26,20,1.243333333,2.503333333,3,4,0,0,5,0,0,0,0,240
C,ok,ARNES DE MOTOR,Cable roto,109784,0,0,1,0,,,0,1,9.108795453,4,1.26,20,1.243333333,2.503333333,3,4,0,0,5,0,0,0,0,240
C,"W11126948
W11126875
W11339251
W11339248",TINA,Mal ensamble,109784,0,1,0,0,,,0,1,9.108795453,4,12.72,60,3.73,16.45,5,4,0,3,0,0,0,0,0,240
C,OK,Arnes cable de tierra,Conector con rebaba,109784,0,1,1,0,,,0,2,18.21759091,5,1.26,20,1.243333333,2.503333333,3,4,0,3,5,0,0,0,0,480
C,OK,Arnes cable de tierra,Falla funcional,109784,0,0,1,0,,,0,1,9.108795453,4,1.26,20,1.243333333,2.503333333,3,4,0,0,5,0,0,0,0,240
C,OK,Arnes cable de tierra,Tornillo ausente,109784,0,0,1,0,,,0,1,9.108795453,4,1.26,20,1.243333333,2.503333333,3,4,0,0,5,0,0,0,0,240
C,ok,Arnes de capacitor,Arnes atrapado,109784,0,0,1,0,,,0,1,9.108795453,4,1.26,20,1.243333333,2.503333333,3,4,0,0,5,0,0,0,0,240
C,ok,Arnes de capacitor,Conector con rebaba,109784,0,1,1,0,,,0,2,18.21759091,5,1.26,20,1.243333333,2.503333333,3,4,0,3,5,0,0,0,0,480
C,"w11295686
w11295684",Tarjeta Robin,Conector quebrado,109784,0,0,1,0,,,0,1,9.108795453,4,2.78,10,0.621666667,3.401666667,3,4,0,0,5,0,0,0,0,240
C,W11297195 / w11304407 / w11369163,Lid Plastico,Cover hinge equivocado,109784,0,1,0,0,,,0,1,9.108795453,4,12.17,3,0.1865,12.3565,5,4,0,3,0,0,0,0,0,240
C,W10516132,Planetario,Agrietado,109784,0,1,0,0,,,0,1,9.108795453,4,9.4,30,1.865,11.265,5,4,0,3,0,0,0,0,0,240
C,ok,Etiqueta de atención,Ausentes,109784,0,2,1,0,,,0,3,27.32638636,5,0.02,2,0.124333333,0.144333333,1,4,0,6,5,0,0,0,0,220
C,8580006,Dispenser sencillo,Ausente en agitador,109784,0,0,2,0,,,0,2,18.21759091,5,0.94,3,0.1865,1.1265,1,4,0,0,10,0,0,0,0,200
C,W10550173,COVER PULLEY,Ausente,109784,0,0,2,0,,,0,2,18.21759091,5,0.72,3,0.1865,0.9065,1,4,0,0,10,0,0,0,0,200
C,w11385745 / w11385756 / w11385737,ACU,Agitacion CWW / falla agitación motor,109784,2,0,0,0,,,0,2,18.21759091,5,10.97,15,0.9325,11.9025,5,4,2,0,0,0,0,0,0,200
C,w11385745 / w11385756 / w11385737,ACU,Bomba de vacio,109784,2,0,0,0,,,0,2,18.21759091,5,10.97,15,0.9325,11.9025,5,4,2,0,0,0,0,0,0,200
C,w11385745 / w11385756 / w11385737,ACU,CCW corriente,109784,2,0,0,0,,,0,2,18.21759091,5,10.97,15,0.9325,11.9025,5,4,2,0,0,0,0,0,0,200
C,w11385745 / w11385756 / w11385737,ACU,Falla en llenado,109784,2,0,0,0,,,0,2,18.21759091,5,10.97,15,0.9325,11.9025,5,4,2,0,0,0,0,0,0,200
C,w11385745 / w11385756 / w11385737,ACU,Falta de pin / pin dañado,109784,2,0,0,0,,,0,2,18.21759091,5,10.97,15,0.9325,11.9025,5,4,2,0,0,0,0,0,0,200
C,w11385745 / w11385756 / w11385737,ACU,Nivel de agua,109784,2,0,0,0,,,0,2,18.21759091,5,10.97,15,0.9325,11.9025,5,4,2,0,0,0,0,0,0,200
C,"W10677719, W10899834, W10677721",MOTOR,Embobinado dañado,109784,2,0,0,0,,,0,2,18.21759091,5,16.3,20,1.243333333,17.54333333,5,4,2,0,0,0,0,0,0,200
C,W11287268 / W11282699,Top panel,Sucio,109784,0,1,0,0,,,0,1,9.108795453,4,7.7,30,1.865,9.565,4,4,0,3,0,0,0,0,0,192
C,"W11126886
W11129841",Canasta drum,Mal ensamble de tapón en balance ring,109784,0,1,0,0,,,0,1,9.108795453,4,6.13,60,3.73,9.86,4,4,0,3,0,0,0,0,0,192
C,W11241392,Lid metalico,Strike hook mal ensamblado,109784,0,1,0,0,,,0,1,9.108795453,4,4.79,3,0.1865,4.9765,4,4,0,3,0,0,0,0,0,192
C,"W11296162
W11296163",Mega,Dañado,109784,0,1,0,0,,,0,1,9.108795453,4,4.17,10,0.621666667,4.791666667,4,4,0,3,0,0,0,0,0,192
C,w11101593 / w11101591 / W11161683 / W11161682,VÁLVULA,Terminal deforme,109784,3,0,0,0,,,0,3,27.32638636,5,1.77,15,0.9325,2.7025,3,4,3,0,0,0,0,0,0,180
C,w11101593 / w11101591 / W11161683 / W11161682,VÁLVULA,Terminal grande / Terminal larga,109784,3,0,0,0,,,0,3,27.32638636,5,1.77,15,0.9325,2.7025,3,4,3,0,0,0,0,0,0,180
C,W11385805,BASE PROT-PACKAGIN,Falta EPS,109784,3,0,0,0,,,0,3,27.32638636,5,2.06,5,0.310833333,2.370833333,3,4,3,0,0,0,0,0,0,180
C,W10319871,Etiqueta de advertencia,Despegado,109784,0,3,0,0,,,0,3,27.32638636,5,0.01,2,0.124333333,0.134333333,1,4,0,9,0,0,0,0,0,180
C,W10298336 / W10604214,Nut,Ausente,109784,0,3,0,0,,,0,3,27.32638636,5,0.06,5,0.310833333,0.370833333,1,4,0,9,0,0,0,0,0,180
C,"w11295686
w11295684",Tarjeta Robin,LED encendido,109784,3,0,0,0,,,0,3,27.32638636,5,2.78,10,0.621666667,3.401666667,3,4,3,0,0,0,0,0,0,180
C,8572266,Bumper,Ausente,109784,0,3,0,0,,,0,3,27.32638636,5,0.06,2,0.124333333,0.184333333,1,4,0,9,0,0,0,0,0,180
C,"W11383944
W11383945
W11386108
W11386109",Etiqueta autolevel,Ausente,109784,0,3,0,0,,,0,3,27.32638636,5,0.06,2,0.124333333,0.184333333,1,4,0,9,0,0,0,0,0,180
C,"W11383944
W11383945
W11386108
W11386109",Etiqueta autolevel,Burbuja,109784,0,3,0,0,,,0,3,27.32638636,5,0.06,2,0.124333333,0.184333333,1,4,0,9,0,0,0,0,0,180
C,W11368879 /  W11281154 ,Fascia,Poste quebrado,109784,2,0,0,0,,,0,2,18.21759091,5,8.79,15,0.9325,9.7225,4,4,2,0,0,0,0,0,0,160
C,W11287268 / W11282699,Top panel,Amarillo,109784,2,0,0,0,,,0,2,18.21759091,5,7.7,30,1.865,9.565,4,4,2,0,0,0,0,0,0,160
C,w11302950,LID LOCK,Falta cincho,109784,2,0,0,0,,,0,2,18.21759091,5,3.75,15,0.9325,4.6825,4,4,2,0,0,0,0,0,0,160
C,W11260207,Cable poder,Terminal doblada,109784,0,0,1,0,,,0,1,9.108795453,4,1.51,5,0.310833333,1.820833333,2,4,0,0,5,0,0,0,0,160
C,ok,ARNES CABLE DE PODER,Clip sin ensamblar,109784,0,1,0,0,,,0,1,9.108795453,4,1.26,20,1.243333333,2.503333333,3,4,0,3,0,0,0,0,0,144
C,ok,ARNES CABLE DE PODER,Dañado,109784,0,1,0,0,,0,0,1,9.108795453,4,1.26,20,1.243333333,2.503333333,3,4,0,3,0,0,0,0,0,144
C,W11266060,REAR PANEL,Tornillo mal ensamblado,109784,0,1,0,0,,,0,1,9.108795453,4,2.84,5,0.310833333,3.150833333,3,4,0,3,0,0,0,0,0,144
C,W11266061,REAR PANEL,Tornillo equivocado,109784,0,1,0,0,,,0,1,9.108795453,4,2.84,5,0.310833333,3.150833333,3,4,0,3,0,0,0,0,0,144
C,"W10855738
W10855740
W10855743",Support motor,Tuerca mal ensambada,109784,0,1,0,0,,,0,1,9.108795453,4,2.42,10,0.621666667,3.041666667,3,4,0,3,0,0,0,0,0,144
C,W10821259,Tube ring,Tiro corto,109784,0,1,0,0,,,0,1,9.108795453,4,1.95,15,0.9325,2.8825,3,4,0,3,0,0,0,0,0,144
C,W10815026,ACTUATOR - SHIFT,Omision Ausente,109784,0,1,0,0,,,0,1,9.108795453,4,3,12,0.746,3.746,3,4,0,3,0,0,0,0,0,144
C,W10531691 / W10715783,AGITADOR,Pestaña quebrada,109784,0,1,0,0,,,0,1,9.108795453,4,2.99,10,0.621666667,3.611666667,3,4,0,3,0,0,0,0,0,144
C,w11306970 / w11369476 / W11331455,DISPENSADOR,Ausente,109784,0,1,0,0,,,0,1,9.108795453,4,1.76,5,0.310833333,2.070833333,3,4,0,3,0,0,0,0,0,144
C,"W10414381
W10414397
W10414398
W11195059",Encoder,Falla funcional / no inicia prueba,109784,2,0,1,0,,,0,3,27.32638636,5,0.68,3,0.1865,0.8665,1,4,2,0,5,0,0,0,0,140
C,W10815026,ACTUATOR - SHIFT,Conector ausente / Omision ensambke ,109784,2,0,0,0,,,0,2,18.21759091,5,3,12,0.746,3.746,3,4,2,0,0,0,0,0,0,120
C,W11385805,BASE PROT-PACKAGIN,Fuera de dimensión,109784,2,0,0,0,,,0,2,18.21759091,5,2.06,5,0.310833333,2.370833333,3,4,2,0,0,0,0,0,0,120
C,w11131744,TUB COVER - VERTIC,Tiro corto,109784,2,0,0,0,,,0,2,18.21759091,5,2.31,15,0.9325,3.2425,3,4,2,0,0,0,0,0,0,120
C,W11290467 / W11290465 / W11290468 / W11290466,LABEL SCALE LEVEL,Mal posicionado,109784,0,2,0,0,,,0,2,18.21759091,5,0.31,5,0.310833333,0.620833333,1,4,0,6,0,0,0,0,0,120
C,8566198,Air dome,Mal ensamble,109784,0,2,0,0,,,0,2,18.21759091,5,0.07,5,0.310833333,0.380833333,1,4,0,6,0,0,0,0,0,120
C,"w11295686
w11295684",Tarjeta Robin,LED no enciende,109784,2,0,0,0,,,0,2,18.21759091,5,2.78,10,0.621666667,3.401666667,3,4,2,0,0,0,0,0,0,120
C,ok,Etiqueta capacidad,Ausente,109784,0,2,0,0,,,0,2,18.21759091,5,0.02,2,0.124333333,0.144333333,1,4,0,6,0,0,0,0,0,120
C,W11303088,Bracket housing,Pestaña deforme,109784,2,0,0,0,,,0,2,18.21759091,5,1.62,10,0.621666667,2.241666667,3,4,2,0,0,0,0,0,0,120
C,W10655102,Speed wheel,Rebaba,109784,5,0,0,0,,,0,5,45.54397726,5,0.26,12,0.746,1.006,1,4,5,0,0,0,0,0,0,100
C,W11260207,Cable poder,Falla funcional,109784,0,1,0,0,,,0,1,9.108795453,4,1.51,5,0.310833333,1.820833333,2,4,0,3,0,0,0,0,0,96
C,8580006,Dispenser sencillo,Mal ensamblado,109784,0,0,1,0,,,0,1,9.108795453,4,0.94,3,0.1865,1.1265,1,4,0,0,5,0,0,0,0,80
C,W11307231,Inner tray,Mal pegadas,109784,4,0,0,0,,,0,4,36.43518181,5,0.31,2,0.124333333,0.434333333,1,4,4,0,0,0,0,0,0,80
C,W11290467 / W11290465 / W11290468 / W11290466,LABEL SCALE LEVEL,Colocada al reves,109784,0,0,1,0,,,0,1,9.108795453,4,0.31,5,0.310833333,0.620833333,1,4,0,0,5,0,0,0,0,80
C,W11297195 / w11304407 / w11369163,Lid Plastico,Bumper mal ensamblado,109784,1,0,0,0,,,0,1,9.108795453,4,12.17,3,0.1865,12.3565,5,4,1,0,0,0,0,0,0,80
C,w11385745 / w11385756 / w11385737,ACU,CCW Motor de corriente,109784,1,0,0,0,,,0,1,9.108795453,4,10.97,15,0.9325,11.9025,5,4,1,0,0,0,0,0,0,80
C,w11385745 / w11385756 / w11385737,ACU,Error en lavado,109784,1,0,0,0,,,0,1,9.108795453,4,10.97,15,0.9325,11.9025,5,4,1,0,0,0,0,0,0,80
C,w11385745 / w11385756 / w11385737,ACU,Falla conector para prueba data,109784,1,0,0,0,,,0,1,9.108795453,4,10.97,15,0.9325,11.9025,5,4,1,0,0,0,0,0,0,80
C,w11385745 / w11385756 / w11385737,ACU,No descandadea unidad,109784,1,0,0,0,,,0,1,9.108795453,4,10.97,15,0.9325,11.9025,5,4,1,0,0,0,0,0,0,80
C,w11385745 / w11385756 / w11385737,ACU,Sin corriente,109784,1,0,0,0,,,0,1,9.108795453,4,10.97,15,0.9325,11.9025,5,4,1,0,0,0,0,0,0,80
C,"W10677719, W10899834, W10677721",MOTOR,Abanico quebrado,109784,1,0,0,0,,,0,1,9.108795453,4,16.3,20,1.243333333,17.54333333,5,4,1,0,0,0,0,0,0,80
C,W10516132,PLANETARIO,Empaque dañado,109784,1,0,0,0,,,0,1,9.108795453,4,9.4,30,1.865,11.265,5,4,1,0,0,0,0,0,0,80
C,"W10677719, W10899834, W10677721",MOTOR,Falla ccw ,109784,1,0,0,0,,,0,1,9.108795453,4,16.3,20,1.243333333,17.54333333,5,4,1,0,0,0,0,0,0,80
C,"W10677719, W10899834, W10677721",MOTOR,Falta de etiqueta ,109784,1,0,0,0,,,0,1,9.108795453,4,16.3,20,1.243333333,17.54333333,5,4,1,0,0,0,0,0,0,80
C,W11368879 /  W11281154 ,Fascia,Overlay movido,109784,1,0,0,0,,,0,1,9.108795453,4,8.79,15,0.9325,9.7225,4,4,1,0,0,0,0,0,0,64
C,W11368879 /  W11281154 ,Fascia,Pandeada,109784,1,0,0,0,,,0,1,9.108795453,4,8.79,15,0.9325,9.7225,4,4,1,0,0,0,0,0,0,64
C,W11368879 /  W11281154 ,Fascia,Orificio tapado,109784,1,0,0,0,,,0,1,9.108795453,4,8.79,15,0.9325,9.7225,4,4,1,0,0,0,0,0,0,64
C,W11287268 / W11282699,Top panel,Mal retrabajo,109784,1,0,0,0,,,0,1,9.108795453,4,7.7,30,1.865,9.565,4,4,1,0,0,0,0,0,0,64
C,w11302950,LID LOCK,Cable expuesto,109784,1,0,0,0,,,0,1,9.108795453,4,3.75,15,0.9325,4.6825,4,4,1,0,0,0,0,0,0,64
C,w11302950,LID LOCK,Se apaga unidad,109784,1,0,0,0,,,0,1,9.108795453,4,3.75,15,0.9325,4.6825,4,4,1,0,0,0,0,0,0,64
C,"W11296162
W11296163",Mega,Arnes dañado,109784,1,0,0,0,,,0,1,9.108795453,4,4.17,10,0.621666667,4.791666667,4,4,1,0,0,0,0,0,0,64
C,"W11296162
W11296163",Mega,Led candado equivocado,109784,1,0,0,0,,,0,1,9.108795453,4,4.17,10,0.621666667,4.791666667,4,4,1,0,0,0,0,0,0,64
C,W10550173,COVER PULLEY,Quebrado,109784,0,1,0,0,0,0,0,1,9.108795453,4,0.72,3,0.1865,0.9065,1,4,0,3,0,0,0,0,0,48
C,W10550173,COVER PULLEY,Poste deforme,109784,0,1,0,0,0,0,0,1,9.108795453,4,0.72,3,0.1865,0.9065,1,4,0,3,0,0,0,0,0,48
C,w11101593 / w11101591 / W11161683 / W11161682,VÁLVULA,Falta tapon de seguridad,109784,1,0,0,0,,,0,1,9.108795453,4,1.77,15,0.9325,2.7025,3,4,1,0,0,0,0,0,0,48
C,W10815026,ACTUATOR - SHIFT,Pin elevado,109784,1,0,0,0,,,0,1,9.108795453,4,3,12,0.746,3.746,3,4,1,0,0,0,0,0,0,48
C,W11290467 / W11290465 / W11290468 / W11290466,LABEL SCALE LEVEL,Despegado,109784,0,1,0,0,,,0,1,9.108795453,4,0.31,5,0.310833333,0.620833333,1,4,0,3,0,0,0,0,0,48
C,ok,Etiqueta Serial ,Ausente,109784,0,1,0,0,,,0,1,9.108795453,4,0.02,2,0.124333333,0.144333333,1,4,0,3,0,0,0,0,0,48
C,"w11295686
w11295684",Tarjeta Robin,Falta de transistor,109784,1,0,0,0,,,0,1,9.108795453,4,2.78,10,0.621666667,3.401666667,3,4,1,0,0,0,0,0,0,48
C,"W11241403
W11241404",Bracket metalico,Tornillo ausente,109784,0,1,0,0,,,0,1,9.108795453,4,0.19,2,0.124333333,0.314333333,1,4,0,3,0,0,0,0,0,48
C,ok,Carton tag,Ausente,109784,0,1,0,0,,,0,1,9.108795453,4,0.03,1,0.062166667,0.092166667,1,4,0,3,0,0,0,0,0,48
C,w11260197 / w11260203 / w11260206,ARNES,Fuera de especificación,109784,1,0,0,0,,,0,1,9.108795453,4,1.26,20,1.243333333,2.503333333,3,4,1,0,0,0,0,0,0,48
C,w11260197 / w11260203 / w11260206,ARNES,Cable expuesto - recubrimiento corto,109784,1,0,0,0,,,0,1,9.108795453,4,1.26,20,1.243333333,2.503333333,3,4,1,0,0,0,0,0,0,48
C,w11101593 / w11101591 / W11161683 / W11161682,VÁLVULA,Terminal corta,109784,1,0,0,0,,,0,1,9.108795453,4,1.77,15,0.9325,2.7025,3,4,1,0,0,0,0,0,0,48
C,W11303088,Bracket housing,Tiro corto,109784,1,0,0,0,,,0,1,9.108795453,4,1.62,10,0.621666667,2.241666667,3,4,1,0,0,0,0,0,0,48
C,w11306970 / w11369476 / W11331455,DISPENSADOR,Tiro corto,109784,1,0,0,0,,,0,1,9.108795453,4,1.76,5,0.310833333,2.070833333,3,4,1,0,0,0,0,0,0,48
C,"W11295234
W11295240
w11295241
W11295236",CAP HINGE,Quebrado,109784,2,0,0,0,,,0,2,18.21759091,5,0.12,1,0.062166667,0.182166667,1,4,2,0,0,0,0,0,0,40
C,"W11258338  W11258336  W11294875
W11294877",Cover hinge LH y RH,Rebaba,109784,2,0,0,0,,,0,2,18.21759091,5,0.21,3,0.1865,0.3965,1,4,2,0,0,0,0,0,0,40
C,"W11258338  W11258336  W11294875
W11294877",Cover hinge LH y RH,Tiro corto,109784,2,0,0,0,,,0,2,18.21759091,5,0.21,3,0.1865,0.3965,1,4,2,0,0,0,0,0,0,40
C,W10601366,MANGUERA DE DRENADO ,Falta de guía,109784,2,0,0,0,,,0,2,18.21759091,5,0.66,2,0.124333333,0.784333333,1,4,2,0,0,0,0,0,0,40
C,W11260207,Cable poder,Distancia de clip corta,109784,1,0,0,0,,,0,1,9.108795453,4,1.51,5,0.310833333,1.820833333,2,4,1,0,0,0,0,0,0,32
